Url,article,tag
https://sportsadvice.decathlon.in/advice-alias/feminine-hygiene-hike-tp_9223,"With many many difficult experiences while hiking, Aungsumi has learnt and developed solutions for many ""women problems"" that may occur when you're away from civilization. Now she's ready to share them with you. ",Trekking
https://sportsadvice.decathlon.in/advice-alias/feminine-hygiene-hike-tp_9223,"Ladies, before a hike, do you always have one pertinent question - hygiene and how do you take care of that in the wild? For this topic, we asked Aungsumi  to share her wisdom and first-hand experience. ",Trekking
https://sportsadvice.decathlon.in/advice-alias/feminine-hygiene-hike-tp_9223,"""Coming from a place surrounded by surreal hills and forests, it's not very surprising that my family and I have always been the outdoorsy kind. My first hike was with my grandfather to the closest hill, close to my house. I was 6. It was also the first time my grandpa let me climb a steep rock, (it had crevices). I was good at climbing I guess, always managed to reach the small door on top of the shelf for sweets. :P ",Trekking
https://sportsadvice.decathlon.in/advice-alias/feminine-hygiene-hike-tp_9223,"My love for nature began early and remains undaunted. A new forest to explore is always more fascinating than anything else.""",Trekking
https://sportsadvice.decathlon.in/advice-alias/feminine-hygiene-hike-tp_9223,"She was 6!!! Yes, that's when she began. Practically brought up in the hills of Assam, Aungsumi has spent a lot of time in nature, hills etc hiking, trekking and doing all sorts of outdoorsy stuff. She's had many many difficult experiences but it has also helped her to learn and develop a solution for many ""women problems"" that may occur when you're away from civilization. Now she's ready to share them with you. ",Trekking
https://sportsadvice.decathlon.in/advice-alias/feminine-hygiene-hike-tp_9223,"My first trek has taught me many things, one of the most important being women's hygiene. What I would suggest anyone heading out for a trek/hike is to prepare, especially if you are prone to UTI and other hygiene-related problems. ",Trekking
https://sportsadvice.decathlon.in/advice-alias/feminine-hygiene-hike-tp_9223,"Things to keep handy: - Antibacterial wipes for your lady parts - I recommend V-wash wipes. It's very important that you keep your privates clean and dry. Hikes can make you sweat, especially if its summer. ",Trekking
https://sportsadvice.decathlon.in/advice-alias/feminine-hygiene-hike-tp_9223,"- Do not stop yourself when nature calls. That would only cause more problems later on. Use wipes, dry it up; should be the mantra. This is something I learned 2 years ago from my gynecologist - wipe front to back and not the other way. ",Trekking
https://sportsadvice.decathlon.in/advice-alias/feminine-hygiene-hike-tp_9223,"- Change your underwear every day. Twice, if it's too hot. ",Trekking
https://sportsadvice.decathlon.in/advice-alias/feminine-hygiene-hike-tp_9223,"This is a bitch, especially if you are prone to extreme cramps. I have 2 options when I have my periods approaching and I have a hike/trek planned. ",Trekking
https://sportsadvice.decathlon.in/advice-alias/feminine-hygiene-hike-tp_9223,"a. I consult my gynecologist for pills to delay my periods. (talk to your gyno if its ok for you, everybody reacts to pills in different ways.)",Trekking
https://sportsadvice.decathlon.in/advice-alias/feminine-hygiene-hike-tp_9223,b. I deal with it. ,Trekking
https://sportsadvice.decathlon.in/advice-alias/feminine-hygiene-hike-tp_9223,#NAME?,Trekking
https://sportsadvice.decathlon.in/advice-alias/feminine-hygiene-hike-tp_9223,#NAME?,Trekking
https://sportsadvice.decathlon.in/advice-alias/feminine-hygiene-hike-tp_9223,#NAME?,Trekking
https://sportsadvice.decathlon.in/advice-alias/feminine-hygiene-hike-tp_9223,#NAME?,Trekking
https://sportsadvice.decathlon.in/advice-alias/feminine-hygiene-hike-tp_9223,#NAME?,Trekking
https://sportsadvice.decathlon.in/advice-alias/feminine-hygiene-hike-tp_9223,"Keep your medications handy, never forget them. Same goes for soothing balms, ointments etc, whatever suits you best. ",Trekking
https://sportsadvice.decathlon.in/advice-alias/feminine-hygiene-hike-tp_9223,Know your environment before you head there. Its always better to be safe than sorry. :),Trekking
https://sportsadvice.decathlon.in/advice-alias/feminine-hygiene-hike-tp_9223,"Ladies, when you are walking in the wild and you gotta go... well you gotta go in the wild. ",Trekking
https://sportsadvice.decathlon.in/advice-alias/feminine-hygiene-hike-tp_9223,You probably won't have the pleasure of a toilet at every hiking spot. So know how to spot the spot. ,Trekking
https://sportsadvice.decathlon.in/advice-alias/feminine-hygiene-hike-tp_9223,"If you are in a rocky terrain, this should be easy. Take cover behind a rock and stay away from the shrubs and the weeds. Your lady part will thank you. If you are in a terrain which is mostly grassland, pick a spot which is bare, if not, use your shoe to flatten out the surface. ",Trekking
https://sportsadvice.decathlon.in/advice-alias/feminine-hygiene-hike-tp_9223,"Do not squat too low, pain is gain here ladies.",Trekking
https://sportsadvice.decathlon.in/advice-alias/feminine-hygiene-hike-tp_9223,"I understand that taking a shower is not always an option when you're hiking unless you have a river or waterfall nearby. If your campsite has a water supply, you can take full advantage of that otherwise wipes are your friend again.Wipe your underarms and other areas more often. This will get rid of the odor so you can start the day on a fresher note. ",Trekking
https://sportsadvice.decathlon.in/advice-alias/feminine-hygiene-hike-tp_9223,"If water is available and you're camping with a group of people for more than a day or two, it could be interesting to carry a shower cabin along. This gives privacy to shower/change etc. ",Trekking
https://sportsadvice.decathlon.in/advice-alias/feminine-hygiene-hike-tp_9223,"There are 3 criteria that determine your choice of waterproof jacket: the level of waterproofing, the outside temperature and the intensity of your exercise.",Trekking
https://sportsadvice.decathlon.in/advice-alias/feminine-hygiene-hike-tp_9223,"In the mountains, the weather changes quickly so you're advised to wear a waterproof jacket when hiking. Quechua offers a wide range of waterproof jackets, lightweight, warm, 3-in-1 jackets, and jackets with or without ventilation which offer different levels of waterproofing.",Trekking
https://sportsadvice.decathlon.in/advice-alias/feminine-hygiene-hike-tp_9223,Choosing the right jacket isn't a straightforward matter so check out our advice to help you make the right choice!,Trekking
https://sportsadvice.decathlon.in/advice-alias/feminine-hygiene-hike-tp_9223,"Depending on the level of protection you need, you can choose between different levels of waterproofing. For each jacket, the level of waterproofing is graded on a scale of 1 to 5. These ratings are developed through technical lab tests; the higher the rating, the more waterproof the jacket.",Trekking
https://sportsadvice.decathlon.in/advice-alias/feminine-hygiene-hike-tp_9223,SHOWER PROTECTION,Trekking
https://sportsadvice.decathlon.in/advice-alias/feminine-hygiene-hike-tp_9223,Ratings of 2 and 3 indicate that the jacket can offer protection during a shower with 6-12 cm of rainfall in 1-2 hours,Trekking
https://sportsadvice.decathlon.in/advice-alias/feminine-hygiene-hike-tp_9223,THUNDERSTORM PROTECTION,Trekking
https://sportsadvice.decathlon.in/advice-alias/feminine-hygiene-hike-tp_9223,A rating of 4 indicates that the jacket can offer protection during a thunderstorm with 30 cm of rainfall in 3 hours.,Trekking
https://sportsadvice.decathlon.in/advice-alias/feminine-hygiene-hike-tp_9223,STORM PROTECTION,Trekking
https://sportsadvice.decathlon.in/advice-alias/feminine-hygiene-hike-tp_9223,"A rating of 5 indicates that the jacket can offer protection during a storm, with 1.8 m of rainfall in 4 hours!",Trekking
https://sportsadvice.decathlon.in/advice-alias/feminine-hygiene-hike-tp_9223,OUR COMPONENTS,Trekking
https://sportsadvice.decathlon.in/advice-alias/feminine-hygiene-hike-tp_9223,"We measure the fabric resistance with a water pressure expressed in mm of water column ( tests based on the ISO 811 norm). The higher the pressure, the more the fabric is considered waterproof. A component with a 2000mm waterproofness will resist pressure of 2000mm of water (the equivalent of a two-hour rainfall).",Trekking
https://sportsadvice.decathlon.in/advice-alias/feminine-hygiene-hike-tp_9223,ALL OUR JACKETS ARE WATER-REPELLENT,Trekking
https://sportsadvice.decathlon.in/advice-alias/feminine-hygiene-hike-tp_9223,The water-repellent capacity of a fabric is its capacity to let the water slip on its surface without absorbing it. The water-repellency capacity is procured by a treatment on the outside of the fabric. This treatment needs to be renewed during the clothing’s lifetime (we suggest every 3 washes). All Quechua raincoats benefit from a water-repellent treatment.,Trekking
https://sportsadvice.decathlon.in/advice-alias/feminine-hygiene-hike-tp_9223,OUR SHOWER TEST,Trekking
https://sportsadvice.decathlon.in/advice-alias/feminine-hygiene-hike-tp_9223,Each jacket is validated in a shower test under a certain amount of litres per m2 per hour during a few hours (according to specificities). This test recreates a more or less important storm in the mountains.,Trekking
https://sportsadvice.decathlon.in/advice-alias/feminine-hygiene-hike-tp_9223,We offer 2 kinds of hiking jackets: Lightweight jackets and Warm jackets.,Trekking
https://sportsadvice.decathlon.in/advice-alias/feminine-hygiene-hike-tp_9223,LIGHTWEIGHT JACKETS,Trekking
https://sportsadvice.decathlon.in/advice-alias/feminine-hygiene-hike-tp_9223,"Are unlined or only have a lightweight lining so they are worn in warm weather, in mid-season or in winter with a warm layer such as a fleece or micro-padded jacket.",Trekking
https://sportsadvice.decathlon.in/advice-alias/feminine-hygiene-hike-tp_9223,Each component is designed to optimize the weight of our jackets. Hikers have to carry all of their equipment during physical effort. That’s why we design our products so that they are lighter and lighter and they ensure greater freedom of movement.,Trekking
https://sportsadvice.decathlon.in/advice-alias/feminine-hygiene-hike-tp_9223,WARM JACKETS - ,Trekking
https://sportsadvice.decathlon.in/advice-alias/feminine-hygiene-hike-tp_9223,"In cold weather, you should choose a warm jacket with a warm lining; some of these jackets have a detachable lining and are called ""3-in-1"" jackets. This means that, depending on the temperature, you can remove the inner layer (either a fleece or padded jacket zipped to inside of jacket) and convert it to a lightweight jacket.",Trekking
https://sportsadvice.decathlon.in/advice-alias/feminine-hygiene-hike-tp_9223,"Finally, the last criterion to consider is the intensity of your hike. The more intense the hike, the more you'll sweat which means you'll need a ventilated jacket. When there's a ventilation zip, we talk about mechanical ventilation. These are generally located under the arms but some pockets also have mesh which helps perspiration wicking.",Trekking
https://sportsadvice.decathlon.in/advice-alias/feminine-hygiene-hike-tp_9223,"For improved ventilation, wear breathable clothing under your jacket and remember to leave the cuffs and bottom of jacket unfastened.",Trekking
https://sportsadvice.decathlon.in/advice-alias/feminine-hygiene-hike-tp_9223,"If you plan to walk in the rain for a long time, wear a poncho over your jacket which will provide complete waterproofing and help protect your backpack!",Trekking
https://sportsadvice.decathlon.in/advice-alias/feminine-hygiene-hike-tp_9223,VENTILATION ZIPS UNDER THE ARMS OR ON THE CHEST TO FACILITATE SWEAT EVACUATION,Trekking
https://sportsadvice.decathlon.in/advice-alias/feminine-hygiene-hike-tp_9223,ROLE OF THE COMPONENT,Trekking
https://sportsadvice.decathlon.in/advice-alias/feminine-hygiene-hike-tp_9223,"Capacity of the product to release the vapor created by the body. In addition to the breathability of the fabrics used, Quechua is developing technical solutions (zippers, aerations, mesh…) that improve the overall ventilation of all our jackets made for hiking. These ventilation systems allow for temperature regulation inside the jackets and to facilitate evacuation of sweat formed by the body during physical efforts.",Trekking
https://sportsadvice.decathlon.in/advice-alias/feminine-hygiene-hike-tp_9223,THE FABRIC,Trekking
https://sportsadvice.decathlon.in/advice-alias/feminine-hygiene-hike-tp_9223,"To know if a fabric is breathable, we measure its RET evaporation resistance ( test based on the ISO 11092 norm). The lower the resistance, the more the fabric allows the vapor generated by the body in activity to be released, thus making it more breathable.",Trekking
https://sportsadvice.decathlon.in/advice-alias/feminine-hygiene-hike-tp_9223,For example:,Trekking
https://sportsadvice.decathlon.in/advice-alias/feminine-hygiene-hike-tp_9223,RET < 9 = extremely breathable fabric,Trekking
https://sportsadvice.decathlon.in/advice-alias/feminine-hygiene-hike-tp_9223,9 < RET < 12 = very breathable fabric,Trekking
https://sportsadvice.decathlon.in/advice-alias/feminine-hygiene-hike-tp_9223,12 < RET < 20 = breathable fabric,Trekking
https://sportsadvice.decathlon.in/advice-alias/feminine-hygiene-hike-tp_9223,RET > 20 = not or less breathable fabric,Trekking
https://sportsadvice.decathlon.in/advice-alias/feminine-hygiene-hike-tp_9223,MEMBRANED OR COATED COMPONENT,Trekking
https://sportsadvice.decathlon.in/advice-alias/feminine-hygiene-hike-tp_9223,"To make a fabric waterproof, there are two solutions:",Trekking
https://sportsadvice.decathlon.in/advice-alias/feminine-hygiene-hike-tp_9223,The coating: it's a waterproof material spread on the inside of the fabric. It stops the penetration of water inside the item but can release the vapor formed by the body during physical efforts so you remain dry.,Trekking
https://sportsadvice.decathlon.in/advice-alias/feminine-hygiene-hike-tp_9223,The membrane: it is a film applied on the inside of the fabric. It is waterproof and stops water coming from the outside but evacuates the sweat created by the body as it moves. The membrane is more flexible and durable than the coating.,Trekking
https://sportsadvice.decathlon.in/advice-alias/feminine-hygiene-hike-tp_9223,"Price - 499
Waterproofing - 2000mm
 ",Trekking
https://sportsadvice.decathlon.in/advice-alias/feminine-hygiene-hike-tp_9223,"Price - 499
Waterproofing - 2000mm",Trekking
https://sportsadvice.decathlon.in/advice-alias/feminine-hygiene-hike-tp_9223,"Price - 1999
Waterproofing - 5000mm",Trekking
https://sportsadvice.decathlon.in/advice-alias/feminine-hygiene-hike-tp_9223,"Price - 2999
Waterproofing - 5000mm
 ",Trekking
https://sportsadvice.decathlon.in/advice-alias/feminine-hygiene-hike-tp_9223,"Price - 2999
Waterproofing - 5000MM",Trekking
https://sportsadvice.decathlon.in/advice-alias/feminine-hygiene-hike-tp_9223,"Price - 5999
Waterproofing - 10,000mm
 ",Trekking
https://sportsadvice.decathlon.in/advice-alias/feminine-hygiene-hike-tp_9223,"Do you subscribe to the “Leave no trace” philosophy? This philosophy is very pro environment that aims to preserve the beauty and sanctity of mother nature giving you and your future generations the opportunity to enjoy your ground of practice for a longer time. 
 ",Trekking
https://sportsadvice.decathlon.in/advice-alias/feminine-hygiene-hike-tp_9223,Follow these 7 Golden Rules to make sure you are a responsible hiker with the deepest respect for the environment:,Trekking
https://sportsadvice.decathlon.in/advice-alias/feminine-hygiene-hike-tp_9223,Planning ahead for your hike may seem obvious. Yet many hikers skip this step. Always check the regulations and features of the places you will be going through. Check the weather forecast and equip yourself according. Take the minimum amount of packaging to minimise your waste. Also try to avoid peak visiting times on certain trails.,Trekking
https://sportsadvice.decathlon.in/advice-alias/feminine-hygiene-hike-tp_9223,"It’s always tempting to go ‘off-piste’ where no one has walked before. But that can alter the beauty of virgin territory. Where possible, choose existing trails, rocky slabs, dry grass and snow depending on the season. But watch out for cracks and fissures!",Trekking
https://sportsadvice.decathlon.in/advice-alias/feminine-hygiene-hike-tp_9223,"In the visited areas, if you are doing day-hikes, set up your basecamp more than 70 metres away from lakes and rivers to protect the banks. Do not alter the site in any way. If the site is not suitable, choose a different one a few metres further away. Keep your encampment to a minimum. Finally, walk in small groups of 4 to 6 people maximum, in single file, so as not to act as a bulldozer on your path.
In wilderness areas, do not all gather at one point to avoid creating new campsites and avoid recently damaged places to avoid damaging them further.",Trekking
https://sportsadvice.decathlon.in/advice-alias/feminine-hygiene-hike-tp_9223,"One of the most important points to be careful about is to maybe carry a plastic bag along on your hike which could work as a dustbin. Incase of wrappers, biscuit/chips packets, food items and other things that you carry, don't leave them behind on the trail. Carry them back with you.",Trekking
https://sportsadvice.decathlon.in/advice-alias/feminine-hygiene-hike-tp_9223,"For water, try to carry a bottle and avoid the use of plastic bottles bought on the way.  ",Trekking
https://sportsadvice.decathlon.in/advice-alias/feminine-hygiene-hike-tp_9223,"However beautiful the flowers you find on the trail, only touch them with your eyes. The same goes for human constructions: preserve our heritage so that our children and our children’s children can enjoy the same landscape. Keep building to a minimum. Land art enthusiasts will have to learn about the environment they are visiting if they want to express their creativity. A pretty, spur-of-the-moment creation may create much long-term damage!",Trekking
https://sportsadvice.decathlon.in/advice-alias/feminine-hygiene-hike-tp_9223,"After a long, hard day you deserve a few toasted marshmallows. Discover our special pre-teen hiking recipes here. Do make sure you keep camp fires to a minimum as much as possible. They leave indelible traces on the landscape! Choose a small camping stove instead. Always check that fires are permitted and use the locations already used by other hikers. Only light a small fire and always disperse cold ashes after putting it out.",Trekking
https://sportsadvice.decathlon.in/advice-alias/feminine-hygiene-hike-tp_9223,"Always keep a safe distance from wildlife. Don’t forget that this is their home. And if you find a fawn that seems abandoned, do not interfere. Mothers use their highly developed sense of smell to care for their young; do not weaken this bond by stroking them. Similarly, never feed them, because this alters their behaviour , their ability to survive without humans, putting them at risk from predators. On the subject of predators, control your dog if he’s hiking with you. Finally, store your food properly to avoid attracting animals during the night thereby changing their diet and finding yourself with nothing to eat: it’s a no-win situation. Be even more vigilant during the breeding season or in wintertime .",Trekking
https://sportsadvice.decathlon.in/advice-alias/feminine-hygiene-hike-tp_9223,"Finally, you may not be alone when out hiking. Be considerate to other hikers and make everyone’s walk more enjoyable by greeting them with a smile. Give way to hikers having difficulty on trails. If you meet hikers on horseback, stand aside and wait for them to overtake you. In fact, even when perfectly trained, no horse is immune to a fear response that could put its rider and yourself in danger if he kicks out in your direction.",Trekking
https://sportsadvice.decathlon.in/advice-alias/feminine-hygiene-hike-tp_9223,"Finally, enjoy the sounds of nature, do not cover them up by talking too loud.",Trekking
https://sportsadvice.decathlon.in/advice-alias/feminine-hygiene-hike-tp_9223,"When you see the swimming pool for the first time, you're generally overwhelmed with awe and enthusiasm. But when you glance over to the deeper side, your aquaphobia kicks in. That's natural. This chronic and irrational fear of water is called Aquaphobia. The first step towards swimming would be to eliminate the phobia, get rid of the non-ability to contemplate any contact with the aquatic environment.",Swimming
https://sportsadvice.decathlon.in/advice-alias/feminine-hygiene-hike-tp_9223,But what can you do to overcome this fear of water?,Swimming
https://sportsadvice.decathlon.in/advice-alias/feminine-hygiene-hike-tp_9223,"Aquaphobia is the irrational fear of water. It is characterized by ""fear that is uncontrollable or that interferes with everyday life"". There are many reasons behind this fear and they depend on each individual's experience. Aquaphobia manifests itself in a number of ways:",Swimming
https://sportsadvice.decathlon.in/advice-alias/feminine-hygiene-hike-tp_9223,#NAME?,Swimming
https://sportsadvice.decathlon.in/advice-alias/feminine-hygiene-hike-tp_9223,#NAME?,Swimming
https://sportsadvice.decathlon.in/advice-alias/feminine-hygiene-hike-tp_9223,- Fear of being out of one's depth in water ,Swimming
https://sportsadvice.decathlon.in/advice-alias/feminine-hygiene-hike-tp_9223,It is quite a common fear since one in five people feel ill at ease in water and one in six suffers from aquaphobia.,Swimming
https://sportsadvice.decathlon.in/advice-alias/feminine-hygiene-hike-tp_9223,"A number of solutions are open to people who want to feel at ease in the water. The main goal is to rediscover the pleasure of being in the water.
Experienced instructors, working with small groups, adapt the training course to each individual's fears in order to maximise their chances of success.
The length of the training courses depends on each individual's needs. For example, some people are quite capable of starting on a Saturday morning and finishing on a Sunday evening!
Some organisations even claim that ""the progress made by the end of the course is often quite spectacular"".",Swimming
https://sportsadvice.decathlon.in/advice-alias/feminine-hygiene-hike-tp_9223,"Anyone who wants to try to overcome their fear right away would be well advised to follow a few tips: Add some essential oils to the water in order to feel more at ease in your bath. The relaxing qualities of the oils will help you to feel more comfortable.
Rather than visiting your local public swimming pool, choose a thalassotherapy centre. They are more intimate and reassuring.",Swimming
https://sportsadvice.decathlon.in/advice-alias/feminine-hygiene-hike-tp_9223," Today, there are a number of ways to overcome your aquaphobia. Solutions now exist to overcome this fear and rediscover the pleasure of being in the water, according to each individual's degree of aquaphobia.",Swimming
https://sportsadvice.decathlon.in/advice-alias/feminine-hygiene-hike-tp_9223,How does your fear of water manifest itself?,Swimming
https://sportsadvice.decathlon.in/advice-alias/feminine-hygiene-hike-tp_9223,"As soon as I am no longer in contact with the ground, I start panicking. If I stay within my depth and upright, then I can keep my fear under control, otherwise I panic, I start making all sorts of movements, taking very deep breaths (hardly ideal when you are underwater) and I completely lose my bearings.",Swimming
https://sportsadvice.decathlon.in/advice-alias/feminine-hygiene-hike-tp_9223,When did your fear first appear?,Swimming
https://sportsadvice.decathlon.in/advice-alias/feminine-hygiene-hike-tp_9223,"I can't really remember exactly when it started. As far as I know, it has always existed. When I was 12 or 13, I tried to learn to swim for the first time, and that was when I realised. I have never felt particularly at ease in water, but since I had never tried to swim or done any boardsports, this seemed quite normal to me.",Swimming
https://sportsadvice.decathlon.in/advice-alias/feminine-hygiene-hike-tp_9223,To you plan to take lessons to try and overcome your aquaphobia?,Swimming
https://sportsadvice.decathlon.in/advice-alias/feminine-hygiene-hike-tp_9223,"I don't think so. It's not that I feel uneasy about my fear, or ashamed, or anything like that. I have already tried to learn to swim three times, and on each occasion I managed to go a little bit further. I would like to stick to ""normal"" methods. I can enjoy myself in water as long as I stay within my depth. I can even go underwater, which is something I could not do a few years ago. I don't think that I'll ever say to myself ""it would be really cool to go for a swim in the sea"". But I feel quite optimistic about being able to do just that in the not too distant future.",Swimming
https://sportsadvice.decathlon.in/advice-alias/feminine-hygiene-hike-tp_9223,"These well-known aqua-sports are now much talked about. Nabaiji will introduce you to a few of these fashionable fitness sports, which along with being fun, are effective. So read on and get your gear on. ",Swimming
https://sportsadvice.decathlon.in/advice-alias/feminine-hygiene-hike-tp_9223,Is probably the one that is the most talked about at the moment! You must have seen Christiano Ronaldo do it.,Swimming
https://sportsadvice.decathlon.in/advice-alias/feminine-hygiene-hike-tp_9223,The concept: a hydro bike is positioned on the pool floor. It allows you to pedal in water and do an invigorating aerobic workout.,Swimming
https://sportsadvice.decathlon.in/advice-alias/feminine-hygiene-hike-tp_9223,"Just like a traditional biking lesson, it enables you to do a non-strenuous leg workout thanks to the water's resistance. And the best part it does lesser damage to your joints.",Swimming
https://sportsadvice.decathlon.in/advice-alias/feminine-hygiene-hike-tp_9223,"It allows you to burn between 300 and 500 kcal per session, whilst doing a lower body, glutes and thigh workout and fighting against cellulite and flabby thighs thanks to the draining effect of water.",Swimming
https://sportsadvice.decathlon.in/advice-alias/feminine-hygiene-hike-tp_9223,"Run in the pool or in a group. Equipped with a weight belt or gilet, start by doing a few lengths to warm up. Alternate at different tempos, more or less fast, for a minimum 45-minute workout.",Swimming
https://sportsadvice.decathlon.in/advice-alias/feminine-hygiene-hike-tp_9223,"There are multiple benefits for your body: thanks to water pressure, blood rises more easily to your heart when the heart rate increases: you, therefore, suffer less than when jogging on land. Moreover, aquajogging develops flexibility, strength and endurance.",Swimming
https://sportsadvice.decathlon.in/advice-alias/feminine-hygiene-hike-tp_9223,"It's traditional yoga, but in water! You are submerged in the pool with pool shoes and a swim top for added comfort. Perfect for letting go of stress, it's also perfect for pregnant women.",Swimming
https://sportsadvice.decathlon.in/advice-alias/feminine-hygiene-hike-tp_9223,"No need to be able to swim perfectly or be a seasoned yogi! As the pressure of the water forces your muscles to work harder without the risk of stiffness, you will effortlessly tone your figure.",Swimming
https://sportsadvice.decathlon.in/advice-alias/feminine-hygiene-hike-tp_9223,"It's the pool version of body-combat. A mix of moves inspired by martial arts, karate, kickboxing and boxing practiced in water for 45 minutes, whilst doing an aerobic workout and taking advantage of a hydromassage! You can be an aqua ninja.",Swimming
https://sportsadvice.decathlon.in/advice-alias/feminine-hygiene-hike-tp_9223,"Is, without doubt, the activity that will help tone your body and make it more dynamic. So long as you practise at least twice or three times a week for a minimum of six months. You are assisted by using accessories such as foam noodles, balls or pull-buoys that are placed between thighs, kickboards and footboards. You can get rid of those aching joints and muscles here and have a wonderful time working out. Trust me go ahead and get enrolled now!",Swimming
https://sportsadvice.decathlon.in/advice-alias/feminine-hygiene-hike-tp_9223,"To make sure of this, it is important to underline the importance of good practice, good behaviour and the good manners necessary to successfully share a swimming pool, so that all users can get along and swim in peace.",Swimming
https://sportsadvice.decathlon.in/advice-alias/feminine-hygiene-hike-tp_9223,"Swimming direction, hygiene, manners, today Nabaiji is here to remind you of the 5 basics of ""courteous swimming""!",Swimming
https://sportsadvice.decathlon.in/advice-alias/feminine-hygiene-hike-tp_9223,"As you have probably noticed, the swimming direction in the pool is the same as on Indian roads, on the left-hand side (clockwise). If this is not followed, a collision is generally unavoidable. And if you're behind it, you will most likely be in for a telling off at best and a slap on the wrist at worst... A very unfortunate situation as I am sure you will agree!",Swimming
https://sportsadvice.decathlon.in/advice-alias/feminine-hygiene-hike-tp_9223,"However, even if the vast majority of people know this, some swimmers, whether they are aware of it or not, tend to veer into the middle of the lane to be comfortable. This is very restrictive for other swimmers who must, for some, reduce the amount of space they are taking up in order to let them go past, and for others, be forced not to overtake for fear of colliding with another swimmer.",Swimming
https://sportsadvice.decathlon.in/advice-alias/feminine-hygiene-hike-tp_9223,"It is also very important to note that when you get to the wall, you must make your turn on the left-hand side of the lane. If this side is occupied by swimmers having a rest, the turn can be made in the center but never, ever to the left!",Swimming
https://sportsadvice.decathlon.in/advice-alias/feminine-hygiene-hike-tp_9223,"When the pool is crowded at peak times, it is best to organise your training session accordingly.",Swimming
https://sportsadvice.decathlon.in/advice-alias/feminine-hygiene-hike-tp_9223,"For a successful workout even in a full lane, avoid doing the butterfly as it requires a lot of room and you run the risk of hitting other swimmers. Backstroke should only be used if you are able to control where you are going without looking, so as not to end up in an adjacent lane. This will help you avoid any collisions!",Swimming
https://sportsadvice.decathlon.in/advice-alias/feminine-hygiene-hike-tp_9223,"In terms of training equipment, crowded swimming pools are sometimes not conducive to the use of paddles or fins. When human density is high, contact between swimmers is almost inevitable. Fins and paddles can easily scratch or hurt on impact. They should be used in moderation...",Swimming
https://sportsadvice.decathlon.in/advice-alias/feminine-hygiene-hike-tp_9223,“Why wear a cap?”,Swimming
https://sportsadvice.decathlon.in/advice-alias/feminine-hygiene-hike-tp_9223,"“I don't need to wash, I'm getting in the pool!”",Swimming
https://sportsadvice.decathlon.in/advice-alias/feminine-hygiene-hike-tp_9223,"""Bermuda shorts are like a swimsuit!”",Swimming
https://sportsadvice.decathlon.in/advice-alias/feminine-hygiene-hike-tp_9223,Who has never heard these words?,Swimming
https://sportsadvice.decathlon.in/advice-alias/feminine-hygiene-hike-tp_9223,"Yet these hygiene rules are laid down to ensure a maximum of enjoyment and safety for the users of the swimming pool. Pollution of pools can come in many different forms. Whether it is the dispersion of hair, cosmetics or other residues in the water, they all trigger the dreaded chloramines. Chloramines are chemical compounds that can cause symptoms such as allergies, irritations and breathing problems.",Swimming
https://sportsadvice.decathlon.in/advice-alias/feminine-hygiene-hike-tp_9223,"To avoid this kind of complication, it is necessary to comply with hygiene rules to ensure a better quality of water and therefore of training! Also, please take a shower and ask everyone around you to take a shower before and after entering into the pool.",Swimming
https://sportsadvice.decathlon.in/advice-alias/feminine-hygiene-hike-tp_9223,"Sometimes a swimmer may be a little slower than you, another will not be completely over to the right and a third might swim into you or even dive onto you (yes, it can happen...).",Swimming
https://sportsadvice.decathlon.in/advice-alias/feminine-hygiene-hike-tp_9223,"In these cases, and assuming you do not have an accident report in your swimsuit, composure, reconciliation and an apology (if you are at fault) will be in order.",Swimming
https://sportsadvice.decathlon.in/advice-alias/feminine-hygiene-hike-tp_9223,"To avoid these kinds of clashes, it is important to never stop in the middle of a length, nor on the right-hand side once you get to the end of the lane. If you have to cross a lane widthwise, look left and right before you take the plunge. Also, when stopped, be sure to wait until all the swimmers have finished their turn and pushed off the wall before starting off again.",Swimming
https://sportsadvice.decathlon.in/advice-alias/feminine-hygiene-hike-tp_9223,"Finally, when a swimmer is overtaking you, do not accelerate! It is not a competition or an invitation to duel! Let them go past and keep swimming at your own pace.",Swimming
https://sportsadvice.decathlon.in/advice-alias/feminine-hygiene-hike-tp_9223,"In public swimming pools, lanes are often divided up by swimming level. Several names may be given to them, but in general there is one lane for ""slow"" swimmers, another for ""fast"" swimmers and, less often, a lane for swimmers wearing fins and/or swim paddles.",Swimming
https://sportsadvice.decathlon.in/advice-alias/feminine-hygiene-hike-tp_9223,"Before you get into the water, take the time to observe the equipment, technique and swimming speed of the users already in the water to evaluate your level and choose your training lane.",Swimming
https://sportsadvice.decathlon.in/advice-alias/feminine-hygiene-hike-tp_9223,"There is no point in overestimating yourself. If you do, once in the water, you may disturb or be disturbed by other swimmers (who may or may not be wearing fins) and/or get into an inappropriate training pace that will not let you enjoy yourself.",Swimming
https://sportsadvice.decathlon.in/advice-alias/feminine-hygiene-hike-tp_9223,"It should be crystal clear that apart from these basics of sharing a pool, it would be looked down upon to run around the pool, shove other swimmers, disturb the peace of the atmosphere or throw any kind of projectiles.",Swimming
https://sportsadvice.decathlon.in/advice-alias/feminine-hygiene-hike-tp_9223,"All together so that ""swimming session"" always rhymes with ""perpetual delectation”!",Swimming
